<?xml version="1.0"?><tsung loglevel="notice">
  <clients>
    <client host="localhost" maxusers="32768" use_controller_vm="true"/>
  </clients>

  <servers>
    <server host="index.eba-miy5wk4c.us-west-2.elasticbeanstalk.com" port="80" type="tcp"/>
  </servers>

  <load>
    <arrivalphase phase="1" duration="5" unit="second">
      <users arrivalrate="1" unit="second"/>
    </arrivalphase>
    <arrivalphase phase="2" duration="5" unit="second">
      <users arrivalrate="2" unit="second"/>
    </arrivalphase>
    <arrivalphase phase="3" duration="5" unit="second">
      <users arrivalrate="4" unit="second"/>
    </arrivalphase>
    <arrivalphase phase="4" duration="5" unit="second">
      <users arrivalrate="8" unit="second"/>
    </arrivalphase>
    <arrivalphase phase="5" duration="5" unit="second">
      <users arrivalrate="16" unit="second"/>
    </arrivalphase>
  </load>

  <options>
    <option name="global_ack_timeout" value="2000"/>
  </options>

  <sessions>
    <session name="example" type="ts_http" weight="1">
      <setdynvars sourcetype="random_number" start="3" end="42">
        <var name="rndint"/>
      </setdynvars>

      <request>
        <http method="GET" url="/"/>
      </request>
      <request>
        <http method="GET" url="/home/about/"/>
      </request>
      <request>
        <http method="GET" url="/vlogs/"/>
      </request>
      <request>
        <http method="GET" url="/vlogs/new/"/>
      </request>
      <request>
        <http method="GET" url="/users/sign_up/"/>
      </request>
      <request>
        <http method="GET" url="/users/sign_in/"/>
      </request>

      <request>
        <dyn_variable name="authenticity_token"/>
        <http url="/users/sign_up/" method="GET" version="1.1"/>
      </request>
      <setdynvars sourcetype="random_string" length="8">
        <var name="rndstring1"/>
      </setdynvars>
      <request subst="true">
        <http content_type="application/x-www-form-urlencoded" contents="authenticity_token=%%_authenticity_token%%&amp;user%5Bemail%5D=%%_rndstring1%%%40mordor.com&amp;user%5Bpassword%5D=123456&amp;user%5Bpassword_confirmation%5D=123456&amp;commit=Sign%20up" method="POST" url="/users/" version="1.1">
        </http>
      </request>
 
      <request>
        <dyn_variable name="authenticity_token"/>
        <http url="/vlogs/new/" method="GET" version="1.1"/>
      </request>
      <request subst="true">
        <http content_type="application/x-www-form-urlencoded" contents="authenticity_token=%%_authenticity_token%%&amp;vlog%5Btitle%5D=HelloWorld&amp;vlog%5Bcontent%5D=123456&amp;vlog%5Buser_name%5D=Anonymous&amp;vlog%5Buser_id%5D=5&amp;commit=Create%20Vlog" method="POST" url="/vlogs/" version="1.1">
        </http>
      </request>
      <request>
        <dyn_variable name="authenticity_token"/>
        <http url="/vlogs/1/" method="GET" version="1.1"/>
      </request>
      <request subst="true">
        <http content_type="application/x-www-form-urlencoded" contents="authenticity_token=%%_authenticity_token%%&amp;commit=Like%20%E2%99%A5%EF%B8%8F" method="POST" url="/vlogs/1/likes/" version="1.1">
        </http>
      </request>
    </session>
  </sessions>
</tsung>
